{
  "val_loss": 0.07923891395330429,
  "val_acc": 0.9783999919891357,
  "train_loss": 0.029615618288517,
  "epoch": 9,
  "global_step": 2150
}