{
  "val_loss": 0.08164411783218384,
  "val_acc": 0.9775999784469604,
  "train_loss": 0.0349687822163105,
  "epoch": 8,
  "global_step": 1935
}